-- MySQL Script generated by MySQL Workbench
-- 11/03/16 18:27:04
-- Model: New Model    Version: 1.0
-- MySQL Workbench Forward Engineering

SET @OLD_UNIQUE_CHECKS=@@UNIQUE_CHECKS, UNIQUE_CHECKS=0;
SET @OLD_FOREIGN_KEY_CHECKS=@@FOREIGN_KEY_CHECKS, FOREIGN_KEY_CHECKS=0;
SET @OLD_SQL_MODE=@@SQL_MODE, SQL_MODE='TRADITIONAL,ALLOW_INVALID_DATES';

-- -----------------------------------------------------
-- Schema petthar_her
-- -----------------------------------------------------

-- -----------------------------------------------------
-- Schema petthar_her
-- -----------------------------------------------------
CREATE SCHEMA IF NOT EXISTS `petthar_her` DEFAULT CHARACTER SET utf8 ;
USE `petthar_her` ;

-- -----------------------------------------------------
-- Table `petthar_her`.`students`
-- -----------------------------------------------------
CREATE TABLE IF NOT EXISTS `petthar_her`.`students` (
  `student_id` INT NOT NULL,
  `firstname` VARCHAR(45) NOT NULL,
  `lastname` VARCHAR(45) NOT NULL,
  `password` VARCHAR(45) NOT NULL,
  PRIMARY KEY (`student_id`))
ENGINE = InnoDB;


-- -----------------------------------------------------
-- Table `petthar_her`.`teachers`
-- -----------------------------------------------------
CREATE TABLE IF NOT EXISTS `petthar_her`.`teachers` (
  `teacher_id` INT NOT NULL,
  `firstname` VARCHAR(45) NOT NULL,
  `lastname` VARCHAR(45) NOT NULL,
  `password` VARCHAR(45) NOT NULL,
  PRIMARY KEY (`teacher_id`))
ENGINE = InnoDB;


-- -----------------------------------------------------
-- Table `petthar_her`.`classes`
-- -----------------------------------------------------
CREATE TABLE IF NOT EXISTS `petthar_her`.`classes` (
  `class_id` INT NOT NULL,
  `class_name` VARCHAR(45) NOT NULL,
  `class_time` TIME(0) NOT NULL,
  `teacher_id` INT NOT NULL,
  PRIMARY KEY (`class_id`),
  INDEX `fk_classes_teachers_idx` (`teacher_id` ASC),
  CONSTRAINT `fk_classes_teachers`
    FOREIGN KEY (`teacher_id`)
    REFERENCES `petthar_her`.`teachers` (`teacher_id`)
    ON DELETE NO ACTION
    ON UPDATE NO ACTION)
ENGINE = InnoDB;


-- -----------------------------------------------------
-- Table `petthar_her`.`student_class`
-- -----------------------------------------------------
CREATE TABLE IF NOT EXISTS `petthar_her`.`student_class` (
  `class_id` INT NOT NULL,
  `student_id` INT NOT NULL,
  PRIMARY KEY (`class_id`, `student_id`),
  INDEX `fk_student_class_students1_idx` (`student_id` ASC),
  CONSTRAINT `fk_student_class_classes1`
    FOREIGN KEY (`class_id`)
    REFERENCES `petthar_her`.`classes` (`class_id`)
    ON DELETE NO ACTION
    ON UPDATE NO ACTION,
  CONSTRAINT `fk_student_class_students1`
    FOREIGN KEY (`student_id`)
    REFERENCES `petthar_her`.`students` (`student_id`)
    ON DELETE NO ACTION
    ON UPDATE NO ACTION)
ENGINE = InnoDB;


SET SQL_MODE=@OLD_SQL_MODE;
SET FOREIGN_KEY_CHECKS=@OLD_FOREIGN_KEY_CHECKS;
SET UNIQUE_CHECKS=@OLD_UNIQUE_CHECKS;






-- phpMyAdmin SQL Dump
-- version 4.6.4
-- https://www.phpmyadmin.net/
--
-- Host: 127.0.0.1
-- Generation Time: 10. Nov, 2016 10:59 a.m.
-- Server-versjon: 5.7.14
-- PHP Version: 5.6.25

SET SQL_MODE = "NO_AUTO_VALUE_ON_ZERO";
SET time_zone = "+00:00";


/*!40101 SET @OLD_CHARACTER_SET_CLIENT=@@CHARACTER_SET_CLIENT */;
/*!40101 SET @OLD_CHARACTER_SET_RESULTS=@@CHARACTER_SET_RESULTS */;
/*!40101 SET @OLD_COLLATION_CONNECTION=@@COLLATION_CONNECTION */;
/*!40101 SET NAMES utf8mb4 */;

--
-- Database: `her_poc`
--

-- --------------------------------------------------------

--
-- Tabellstruktur for tabell `classes`
--

CREATE TABLE `classes` (
  `class_id` int(11) NOT NULL,
  `class_name` varchar(45) NOT NULL,
  `class_time` time NOT NULL,
  `teacher_id` int(11) NOT NULL
) ENGINE=InnoDB DEFAULT CHARSET=utf8;

--
-- Dataark for tabell `classes`
--

INSERT INTO `classes` (`class_id`, `class_name`, `class_time`, `teacher_id`) VALUES
  (1, 'Introduksjon til entreprenørskap', '08:00:00', 1),
  (2, 'Oppstart av bedrift', '11:00:00', 2),
  (3, 'Vekststrategi for oppstartsbedrifter', '14:00:00', 1);

-- --------------------------------------------------------

--
-- Tabellstruktur for tabell `students`
--

CREATE TABLE `students` (
  `student_id` int(11) NOT NULL,
  `firstname` varchar(45) NOT NULL,
  `lastname` varchar(45) NOT NULL,
  `password` varchar(45) NOT NULL
) ENGINE=InnoDB DEFAULT CHARSET=utf8;

--
-- Dataark for tabell `students`
--

INSERT INTO `students` (`student_id`, `firstname`, `lastname`, `password`) VALUES
  (1, 'Gudrun', 'Mikkelsen', '1111'),
  (2, 'Kurt', 'Guttorm', '2222'),
  (3, 'Vegard', 'Tenold', '3333'),
  (4, 'Gro', 'Aakre', '4444'),
  (5, 'Roger', 'Antonsen', '5555'),
  (6, 'Anita', 'Vik', '6666'),
  (7, 'Knut', 'Bjørseth', '7777'),
  (8, 'Linda', 'Larsen', '8888'),
  (9, 'Svein', 'Worren', '9999');

-- --------------------------------------------------------

--
-- Tabellstruktur for tabell `student_class`
--

CREATE TABLE `student_class` (
  `class_id` int(11) NOT NULL,
  `student_id` int(11) NOT NULL
) ENGINE=InnoDB DEFAULT CHARSET=utf8;

--
-- Dataark for tabell `student_class`
--

INSERT INTO `student_class` (`class_id`, `student_id`) VALUES
  (1, 1),
  (2, 1),
  (1, 2),
  (3, 2),
  (1, 3),
  (3, 3),
  (1, 4),
  (1, 5),
  (3, 5),
  (2, 6),
  (2, 7),
  (3, 7),
  (2, 8),
  (2, 9),
  (3, 9);

-- --------------------------------------------------------

--
-- Tabellstruktur for tabell `teachers`
--

CREATE TABLE `teachers` (
  `teacher_id` int(11) NOT NULL,
  `firstname` varchar(45) NOT NULL,
  `lastname` varchar(45) NOT NULL,
  `password` varchar(45) NOT NULL
) ENGINE=InnoDB DEFAULT CHARSET=utf8;

--
-- Dataark for tabell `teachers`
--

INSERT INTO `teachers` (`teacher_id`, `firstname`, `lastname`, `password`) VALUES
  (1, 'Nils', 'Nilsen', '1111'),
  (2, 'Ida', 'Andresen', '2222');

--
-- Indexes for dumped tables
--

--
-- Indexes for table `classes`
--
ALTER TABLE `classes`
  ADD PRIMARY KEY (`class_id`),
  ADD KEY `fk_classes_teachers_idx` (`teacher_id`);

--
-- Indexes for table `students`
--
ALTER TABLE `students`
  ADD PRIMARY KEY (`student_id`);

--
-- Indexes for table `student_class`
--
ALTER TABLE `student_class`
  ADD PRIMARY KEY (`class_id`,`student_id`),
  ADD KEY `fk_student_class_students1_idx` (`student_id`);

--
-- Indexes for table `teachers`
--
ALTER TABLE `teachers`
  ADD PRIMARY KEY (`teacher_id`);

--
-- Begrensninger for dumpede tabeller
--

--
-- Begrensninger for tabell `classes`
--
ALTER TABLE `classes`
  ADD CONSTRAINT `fk_classes_teachers` FOREIGN KEY (`teacher_id`) REFERENCES `teachers` (`teacher_id`) ON DELETE NO ACTION ON UPDATE NO ACTION;

--
-- Begrensninger for tabell `student_class`
--
ALTER TABLE `student_class`
  ADD CONSTRAINT `fk_student_class_classes1` FOREIGN KEY (`class_id`) REFERENCES `classes` (`class_id`) ON DELETE NO ACTION ON UPDATE NO ACTION,
  ADD CONSTRAINT `fk_student_class_students1` FOREIGN KEY (`student_id`) REFERENCES `students` (`student_id`) ON DELETE NO ACTION ON UPDATE NO ACTION;

/*!40101 SET CHARACTER_SET_CLIENT=@OLD_CHARACTER_SET_CLIENT */;
/*!40101 SET CHARACTER_SET_RESULTS=@OLD_CHARACTER_SET_RESULTS */;
/*!40101 SET COLLATION_CONNECTION=@OLD_COLLATION_CONNECTION */;
